Frame NO., Target Total, Target NO., X(m), Y(m), Z(m), Velocity(m/s), Intensity, Intensity(Log) 
1, 6, 1, -0.0273, 0.4355, 0, 0, 6689, 38, 
1, 6, 2, -0.2363, 2.5195, 0, 0, 468, 27, 
1, 6, 3, 0.6699, 10.7109, 0, 0, 51, 17, 
1, 6, 4, -10.7773, 2.7598, 0, 0, 45, 17, 
1, 6, 5, -10.0625, 3.7344, 0, 0, 43, 16, 
1, 6, 6, -0.6953, 11.1035, 0, 0, 44, 17, 
2, 6, 1, -0.0273, 0.4355, 0, 0, 6674, 38, 
2, 6, 2, -0.2363, 2.5195, 0, 0, 511, 27, 
2, 6, 3, 0.6699, 10.7109, 0, 0, 50, 17, 
2, 6, 4, -0.6953, 11.1035, 0, 0, 45, 17, 
2, 6, 5, -10.0625, 3.7344, 0, 0, 41, 16, 
2, 6, 6, -10.4297, 3.8711, 0, 0, 43, 16, 
3, 6, 1, -0.0273, 0.4355, 0, 0, 6621, 38, 
3, 6, 2, -0.3164, 2.5098, 0, 0, 521, 27, 
3, 6, 3, 0.6699, 10.7109, 0, 0, 50, 17, 
3, 6, 4, -0.6953, 11.1035, 0, 0, 43, 16, 
3, 6, 5, -10.0625, 3.7344, 0, 0, 41, 16, 
3, 6, 6, -10.4297, 3.8711, 0, 0, 42, 16, 
4, 6, 1, -0.0273, 0.4355, 0, 0, 6608, 38, 
4, 6, 2, -0.3164, 2.5098, 0, 0, 518, 27, 
4, 6, 3, 0.6699, 10.7109, 0, 0, 50, 17, 
4, 6, 4, -0.6953, 11.1035, 0, 0, 45, 17, 
4, 6, 5, -10.0625, 3.7344, 0, 0, 41, 16, 
4, 6, 6, -10.4297, 3.8711, 0, 0, 43, 16, 
5, 6, 1, -0.0273, 0.4355, 0, 0, 6570, 38, 
5, 6, 2, -0.3164, 2.5098, 0, 0, 507, 27, 
5, 6, 3, 0.6699, 10.7109, 0, 0, 50, 17, 
5, 6, 4, -0.6953, 11.1035, 0, 0, 46, 17, 
5, 6, 5, -10.0625, 3.7344, 0, 0, 41, 16, 
5, 6, 6, -10.4297, 3.8711, 0, 0, 43, 16, 
6, 6, 1, -0.0273, 0.4355, 0, 0, 6582, 38, 
6, 6, 2, -0.3164, 2.5098, 0, 0, 504, 27, 
6, 6, 3, 0.6699, 10.7109, 0, 0, 50, 17, 
6, 6, 4, -0.6953, 11.1035, 0, 0, 46, 17, 
6, 6, 5, -10.0625, 3.7344, 0, 0, 41, 16, 
6, 6, 6, -10.4297, 3.8711, 0, 0, 42, 16, 
7, 6, 1, -0.0273, 0.4355, 0, 0, 6628, 38, 
7, 6, 2, -0.3164, 2.5098, 0, 0, 535, 27, 
7, 6, 3, 0.6699, 10.7109, 0, 0, 49, 17, 
7, 6, 4, -0.6953, 11.1035, 0, 0, 47, 17, 
7, 6, 5, -10.0625, 3.7344, 0, 0, 40, 16, 
7, 6, 6, -10.4297, 3.8711, 0, 0, 43, 16, 
8, 6, 1, -0.0273, 0.4355, 0, 0, 6629, 38, 
8, 6, 2, -0.3164, 2.5098, 0, 0, 524, 27, 
8, 6, 3, 0.6699, 10.7109, 0, 0, 50, 17, 
8, 6, 4, -0.6953, 11.1035, 0, 0, 45, 17, 
8, 6, 5, -10.0625, 3.7344, 0, 0, 40, 16, 
8, 6, 6, -10.7773, 2.7598, 0, 0, 44, 17, 
9, 6, 1, -0.0273, 0.4355, 0, 0, 6601, 38, 
9, 6, 2, -0.2363, 2.5195, 0, 0, 476, 27, 
9, 6, 3, 0.6699, 10.7109, 0, 0, 52, 17, 
9, 6, 4, -0.6953, 11.1035, 0, 0, 45, 17, 
9, 6, 5, -10.0625, 3.7344, 0, 0, 42, 16, 
9, 6, 6, -10.4297, 3.8711, 0, 0, 43, 16, 
10, 6, 1, -0.0273, 0.4355, 0, 0, 6650, 38, 
10, 6, 2, -0.2363, 2.5195, 0, 0, 498, 27, 
10, 6, 3, 0.6699, 10.7109, 0, 0, 52, 17, 
10, 6, 4, -0.6953, 11.1035, 0, 0, 47, 17, 
10, 6, 5, -10.0625, 3.7344, 0, 0, 42, 16, 
10, 6, 6, -10.4297, 3.8711, 0, 0, 42, 16, 
11, 6, 1, -0.0273, 0.4355, 0, 0, 6634, 38, 
11, 6, 2, -0.2363, 2.5195, 0, 0, 506, 27, 
11, 6, 3, 0.6699, 10.7109, 0, 0, 52, 17, 
11, 6, 4, -0.6953, 11.1035, 0, 0, 45, 17, 
11, 6, 5, -10.0625, 3.7344, 0, 0, 42, 16, 
11, 6, 6, -10.4297, 3.8711, 0, 0, 44, 17, 
12, 6, 1, -0.0273, 0.4355, 0, 0, 6606, 38, 
12, 6, 2, -0.2363, 2.5195, 0, 0, 503, 27, 
12, 6, 3, 0.6699, 10.7109, 0, 0, 50, 17, 
12, 6, 4, -0.6953, 11.1035, 0, 0, 47, 17, 
12, 6, 5, -10.0625, 3.7344, 0, 0, 41, 16, 
12, 6, 6, -10.7773, 2.7598, 0, 0, 43, 16, 
13, 6, 1, -0.0273, 0.4355, 0, 0, 6610, 38, 
13, 6, 2, -0.3164, 2.5098, 0, 0, 507, 27, 
13, 6, 3, 0.6699, 10.7109, 0, 0, 50, 17, 
13, 6, 4, -0.6953, 11.1035, 0, 0, 46, 17, 
13, 6, 5, -10.0625, 3.7344, 0, 0, 40, 16, 
13, 6, 6, -10.7773, 2.7598, 0, 0, 43, 16, 
14, 6, 1, -0.0273, 0.4355, 0, 0, 6627, 38, 
14, 6, 2, -0.3164, 2.5098, 0, 0, 541, 27, 
14, 6, 3, 0.6699, 10.7109, 0, 0, 50, 17, 
14, 6, 4, -0.6953, 11.1035, 0, 0, 46, 17, 
14, 6, 5, -10.0625, 3.7344, 0, 0, 41, 16, 
14, 6, 6, -10.7773, 2.7598, 0, 0, 43, 16, 
15, 6, 1, -0.0273, 0.4355, 0, 0, 6754, 38, 
15, 6, 2, -0.3164, 2.5098, 0, 0, 546, 27, 
15, 6, 3, 0.6699, 10.7109, 0, 0, 51, 17, 
15, 6, 4, -0.6953, 11.1035, 0, 0, 46, 17, 
15, 6, 5, -10.0625, 3.7344, 0, 0, 42, 16, 
15, 6, 6, -10.7773, 2.7598, 0, 0, 45, 17, 
16, 6, 1, -0.0273, 0.4355, 0, 0, 6707, 38, 
16, 6, 2, -0.3164, 2.5098, 0, 0, 555, 27, 
16, 6, 3, 0.6699, 10.7109, 0, 0, 51, 17, 
16, 6, 4, -0.6953, 11.1035, 0, 0, 45, 17, 
16, 6, 5, -10.0625, 3.7344, 0, 0, 41, 16, 
16, 6, 6, -10.7773, 2.7598, 0, 0, 45, 17, 
17, 6, 1, -0.0273, 0.4355, 0, 0, 6701, 38, 
17, 6, 2, -0.3164, 2.5098, 0, 0, 562, 28, 
17, 6, 3, 0.6699, 10.7109, 0, 0, 52, 17, 
17, 6, 4, -10.7773, 2.7598, 0, 0, 46, 17, 
17, 6, 5, -10.0625, 3.7344, 0, 0, 42, 16, 
17, 6, 6, -0.6953, 11.1035, 0, 0, 43, 16, 
18, 6, 1, -0.0273, 0.4355, 0, 0, 6733, 38, 
18, 6, 2, -0.3164, 2.5098, 0, 0, 554, 27, 
18, 6, 3, 0.6699, 10.7109, 0, 0, 52, 17, 
18, 6, 4, -0.6953, 11.1035, 0, 0, 45, 17, 
18, 6, 5, -10.0625, 3.7344, 0, 0, 42, 16, 
18, 6, 6, -10.7773, 2.7598, 0, 0, 44, 17, 
19, 6, 1, -0.0273, 0.4355, 0, 0, 6713, 38, 
19, 6, 2, -0.3164, 2.5098, 0, 0, 552, 27, 
19, 6, 3, 0.6699, 10.7109, 0, 0, 51, 17, 
19, 6, 4, -0.6953, 11.1035, 0, 0, 45, 17, 
19, 6, 5, -10.0625, 3.7344, 0, 0, 42, 16, 
19, 6, 6, -10.7773, 2.7598, 0, 0, 43, 16, 
20, 6, 1, -0.0273, 0.4355, 0, 0, 6802, 38, 
20, 6, 2, -0.3164, 2.5098, 0, 0, 530, 27, 
20, 6, 3, 0.6699, 10.7109, 0, 0, 51, 17, 
20, 6, 4, -0.6953, 11.1035, 0, 0, 44, 17, 
20, 6, 5, -10.0625, 3.7344, 0, 0, 41, 16, 
20, 6, 6, -10.7773, 2.7598, 0, 0, 42, 16, 
21, 6, 1, -0.0273, 0.4355, 0, 0, 6797, 38, 
21, 6, 2, -0.2363, 2.5195, 0, 0, 484, 27, 
21, 6, 3, 0.6699, 10.7109, 0, 0, 50, 17, 
21, 6, 4, -10.7773, 2.7598, 0, 0, 46, 17, 
21, 6, 5, -10.0625, 3.7344, 0, 0, 42, 16, 
21, 6, 6, -0.6953, 11.1035, 0, 0, 44, 17, 
22, 6, 1, -0.0273, 0.4355, 0, 0, 6786, 38, 
22, 6, 2, -0.2363, 2.5195, 0, 0, 503, 27, 
22, 6, 3, 0.6699, 10.7109, 0, 0, 50, 17, 
22, 6, 4, -0.6953, 11.1035, 0, 0, 45, 17, 
22, 6, 5, -10.0625, 3.7344, 0, 0, 42, 16, 
22, 6, 6, -10.7773, 2.7598, 0, 0, 43, 16, 
23, 6, 1, -0.0273, 0.4355, 0, 0, 6773, 38, 
23, 6, 2, -0.2363, 2.5195, 0, 0, 513, 27, 
23, 6, 3, 0.6699, 10.7109, 0, 0, 50, 17, 
23, 6, 4, -10.7773, 2.7598, 0, 0, 44, 17, 
23, 6, 5, -10.0625, 3.7344, 0, 0, 42, 16, 
23, 6, 6, -0.6953, 11.1035, 0, 0, 43, 16, 
24, 6, 1, -0.0273, 0.4355, 0, 0, 6875, 38, 
24, 6, 2, -0.3164, 2.5098, 0, 0, 493, 27, 
24, 6, 3, 0.6699, 10.7109, 0, 0, 50, 17, 
24, 6, 4, -0.6953, 11.1035, 0, 0, 45, 17, 
24, 6, 5, -10.0625, 3.7344, 0, 0, 42, 16, 
24, 6, 6, -10.7773, 2.7598, 0, 0, 44, 17, 
25, 6, 1, -0.0273, 0.4355, 0, 0, 6912, 38, 
25, 6, 2, -0.3164, 2.5098, 0, 0, 483, 27, 
25, 6, 3, 0.6699, 10.7109, 0, 0, 51, 17, 
25, 6, 4, -0.6953, 11.1035, 0, 0, 45, 17, 
25, 6, 5, -10.0625, 3.7344, 0, 0, 43, 16, 
25, 6, 6, -10.4297, 3.8711, 0, 0, 42, 16, 
26, 6, 1, -0.0273, 0.4355, 0, 0, 6755, 38, 
26, 6, 2, -0.3164, 2.5098, 0, 0, 540, 27, 
26, 6, 3, 0.6699, 10.7109, 0, 0, 50, 17, 
26, 6, 4, -0.6953, 11.1035, 0, 0, 47, 17, 
26, 6, 5, -10.0625, 3.7344, 0, 0, 42, 16, 
26, 6, 6, -10.7773, 2.7598, 0, 0, 43, 16, 
27, 6, 1, -0.041, 0.4336, 0, 0, 6618, 38, 
27, 6, 2, -0.3164, 2.5098, 0, 0, 533, 27, 
27, 6, 3, 0.6699, 10.7109, 0, 0, 49, 17, 
27, 6, 4, -0.6953, 11.1035, 0, 0, 46, 17, 
27, 6, 5, -10.0625, 3.7344, 0, 0, 39, 16, 
27, 6, 6, -10.4297, 3.8711, 0, 0, 43, 16, 
28, 6, 1, -0.041, 0.4336, 0, 0, 6627, 38, 
28, 6, 2, -0.3164, 2.5098, 0, 0, 558, 27, 
28, 6, 3, 0.6699, 10.7109, 0, 0, 49, 17, 
28, 6, 4, -0.6953, 11.1035, 0, 0, 46, 17, 
28, 6, 5, -9.7266, 4.5371, 0, 0, 40, 16, 
28, 6, 6, -10.7773, 2.7598, 0, 0, 44, 17, 
29, 6, 1, -0.041, 0.4336, 0, 0, 6543, 38, 
29, 6, 2, -0.3164, 2.5098, 0, 0, 541, 27, 
29, 6, 3, 0.6699, 10.7109, 0, 0, 48, 17, 
29, 6, 4, -10.4297, 3.8711, 0, 0, 45, 17, 
29, 6, 5, -9.7266, 4.5371, 0, 0, 38, 16, 
29, 6, 6, -0.6953, 11.1035, 0, 0, 44, 17, 
30, 6, 1, -0.041, 0.4336, 0, 0, 6497, 38, 
30, 6, 2, -0.3164, 2.5098, 0, 0, 536, 27, 
30, 6, 3, 0.6699, 10.7109, 0, 0, 48, 17, 
30, 6, 4, -0.6953, 11.1035, 0, 0, 43, 16, 
30, 6, 5, -9.7266, 4.5371, 0, 0, 38, 16, 
30, 6, 6, -10.4297, 3.8711, 0, 0, 43, 16, 
31, 6, 1, -0.041, 0.4336, 0, 0, 6315, 38, 
31, 6, 2, -0.3164, 2.5098, 0, 0, 496, 27, 
31, 6, 3, 0.6699, 10.7109, 0, 0, 47, 17, 
31, 6, 4, -0.6953, 11.1035, 0, 0, 44, 17, 
31, 6, 5, -9.7266, 4.5371, 0, 0, 37, 16, 
31, 6, 6, -10.4297, 3.8711, 0, 0, 43, 16, 
32, 6, 1, -0.041, 0.4336, 0, 0, 6280, 38, 
32, 6, 2, -0.3164, 2.5098, 0, 0, 471, 27, 
32, 6, 3, 1.0059, 10.6855, 0, 0, 46, 17, 
32, 6, 4, -0.6953, 11.1035, 0, 0, 44, 17, 
32, 6, 5, -9.7266, 4.5371, 0, 0, 37, 16, 
32, 6, 6, -10.7773, 2.7598, 0, 0, 44, 17, 
33, 6, 1, -0.0547, 0.4336, 0, 0, 6493, 38, 
33, 6, 2, -0.3164, 2.5098, 0, 0, 466, 27, 
33, 6, 3, 1.0059, 10.6855, 0, 0, 44, 17, 
33, 6, 4, -0.6953, 11.1035, 0, 0, 44, 17, 
33, 6, 5, -9.7266, 4.5371, 0, 0, 38, 16, 
33, 6, 6, -10.4297, 3.8711, 0, 0, 42, 16, 
34, 6, 1, -0.0547, 0.4336, 0, 0, 6499, 38, 
34, 6, 2, -0.3945, 2.5, 0, 0, 456, 27, 
34, 6, 3, 1.0059, 10.6855, 0, 0, 43, 16, 
34, 6, 4, -10.7773, 2.7598, 0, 0, 45, 17, 
34, 6, 5, -9.7266, 4.5371, 0, 0, 38, 16, 
34, 6, 6, -0.6953, 11.1035, 0, 0, 44, 17, 
35, 6, 1, -0.0547, 0.4336, 0, 0, 6505, 38, 
35, 6, 2, -0.3164, 2.5098, 0, 0, 458, 27, 
35, 6, 3, 1.0059, 10.6855, 0, 0, 45, 17, 
35, 6, 4, -10.7773, 2.7598, 0, 0, 44, 17, 
35, 6, 5, -9.3906, 5.1953, 0, 0, 38, 16, 
35, 6, 6, -0.6953, 11.1035, 0, 0, 44, 17, 
36, 6, 1, -0.0547, 0.4336, 0, 0, 6477, 38, 
36, 6, 2, -0.3164, 2.5098, 0, 0, 466, 27, 
36, 6, 3, 1.0059, 10.6855, 0, 0, 46, 17, 
36, 6, 4, -0.6953, 11.1035, 0, 0, 44, 17, 
36, 6, 5, -9.3906, 5.1953, 0, 0, 39, 16, 
36, 6, 6, -10.7773, 2.7598, 0, 0, 44, 17, 
37, 6, 1, -0.0547, 0.4336, 0, 0, 6491, 38, 
37, 6, 2, -0.3164, 2.5098, 0, 0, 467, 27, 
37, 6, 3, 1.0059, 10.6855, 0, 0, 44, 17, 
37, 6, 4, -0.6953, 11.1035, 0, 0, 45, 17, 
37, 6, 5, -9.7266, 4.5371, 0, 0, 38, 16, 
37, 6, 6, -10.7773, 2.7598, 0, 0, 44, 17, 
38, 6, 1, -0.0547, 0.4336, 0, 0, 6491, 38, 
38, 6, 2, -0.3164, 2.5098, 0, 0, 470, 27, 
38, 6, 3, 1.0059, 10.6855, 0, 0, 44, 17, 
38, 6, 4, -0.6953, 11.1035, 0, 0, 44, 17, 
38, 6, 5, -9.7266, 4.5371, 0, 0, 38, 16, 
38, 6, 6, -10.7773, 2.7598, 0, 0, 43, 16, 
39, 6, 1, -0.0547, 0.4336, 0, 0, 6502, 38, 
39, 6, 2, -0.3164, 2.5098, 0, 0, 467, 27, 
39, 6, 3, 1.0059, 10.6855, 0, 0, 43, 16, 
39, 6, 4, -0.6953, 11.1035, 0, 0, 45, 17, 
39, 6, 5, -9.3906, 5.1953, 0, 0, 38, 16, 
39, 6, 6, -10.4297, 3.8711, 0, 0, 43, 16, 
40, 6, 1, -0.0547, 0.4336, 0, 0, 6505, 38, 
40, 6, 2, -0.3164, 2.5098, 0, 0, 465, 27, 
40, 6, 3, 1.0059, 10.6855, 0, 0, 45, 17, 
40, 6, 4, -0.6953, 11.1035, 0, 0, 45, 17, 
40, 6, 5, -9.7266, 4.5371, 0, 0, 39, 16, 
40, 6, 6, -10.4297, 3.8711, 0, 0, 43, 16, 
41, 6, 1, -0.0547, 0.4336, 0, 0, 6561, 38, 
41, 6, 2, -0.3164, 2.5098, 0, 0, 444, 26, 
41, 6, 3, 1.0059, 10.6855, 0, 0, 44, 17, 
41, 6, 4, -0.6953, 11.1035, 0, 0, 44, 17, 
41, 6, 5, -9.3906, 5.1953, 0, 0, 39, 16, 
41, 6, 6, -10.7773, 2.7598, 0, 0, 42, 16, 
42, 6, 1, -0.0547, 0.4336, 0, 0, 6566, 38, 
42, 6, 2, -0.3164, 2.5098, 0, 0, 419, 26, 
42, 6, 3, 1.0059, 10.6855, 0, 0, 45, 17, 
42, 6, 4, -0.6953, 11.1035, 0, 0, 45, 17, 
42, 6, 5, -9.3906, 5.1953, 0, 0, 39, 16, 
42, 6, 6, -10.4297, 3.8711, 0, 0, 42, 16, 
43, 6, 1, -0.0547, 0.4336, 0, 0, 6566, 38, 
43, 6, 2, -0.3164, 2.5098, 0, 0, 434, 26, 
43, 6, 3, 1.0059, 10.6855, 0, 0, 44, 17, 
43, 6, 4, -0.6953, 11.1035, 0, 0, 43, 16, 
43, 6, 5, -9.3906, 5.1953, 0, 0, 39, 16, 
43, 6, 6, -10.7773, 2.7598, 0, 0, 43, 16, 
44, 6, 1, -0.0547, 0.4336, 0, 0, 6564, 38, 
44, 6, 2, -0.3945, 2.5, 0, 0, 446, 27, 
44, 6, 3, 1.0059, 10.6855, 0, 0, 44, 17, 
44, 6, 4, -10.7773, 2.7598, 0, 0, 44, 17, 
44, 6, 5, -9.3906, 5.1953, 0, 0, 38, 16, 
44, 6, 6, -0.6953, 11.1035, 0, 0, 43, 16, 
45, 6, 1, -0.0547, 0.4336, 0, 0, 6502, 38, 
45, 6, 2, -0.3945, 2.5, 0, 0, 451, 27, 
45, 6, 3, 1.0059, 10.6855, 0, 0, 43, 16, 
45, 6, 4, -10.4297, 3.8711, 0, 0, 44, 17, 
45, 6, 5, -9.3906, 5.1953, 0, 0, 38, 16, 
45, 6, 6, -0.6953, 11.1035, 0, 0, 44, 17, 
46, 6, 1, -0.0547, 0.4336, 0, 0, 6311, 38, 
46, 6, 2, -0.4746, 2.4863, 0, 0, 419, 26, 
46, 6, 3, 1.0059, 10.6855, 0, 0, 44, 17, 
46, 6, 4, -10.7773, 2.7598, 0, 0, 45, 17, 
46, 6, 5, -9.3906, 5.1953, 0, 0, 36, 16, 
46, 6, 6, -0.6953, 11.1035, 0, 0, 44, 17, 
47, 6, 1, -0.0547, 0.4336, 0, 0, 6287, 38, 
47, 6, 2, -0.4746, 2.4863, 0, 0, 410, 26, 
47, 6, 3, 1.0059, 10.6855, 0, 0, 44, 17, 
47, 6, 4, -0.6953, 11.1035, 0, 0, 46, 17, 
47, 6, 5, -9.3906, 5.1953, 0, 0, 37, 16, 
47, 6, 6, -10.7773, 2.7598, 0, 0, 45, 17, 
48, 6, 1, -0.0547, 0.4336, 0, 0, 6183, 38, 
48, 6, 2, -0.4746, 2.4863, 0, 0, 391, 26, 
48, 6, 3, 1.0059, 10.6855, 0, 0, 43, 16, 
48, 6, 4, -0.6953, 11.1035, 0, 0, 45, 17, 
48, 6, 5, -9.7266, 4.5371, 0, 0, 35, 16, 
48, 6, 6, -10.7773, 2.7598, 0, 0, 44, 17, 
49, 6, 1, -0.0547, 0.4336, 0, 0, 6213, 38, 
49, 6, 2, -0.4746, 2.4863, 0, 0, 388, 26, 
49, 6, 3, 1.0059, 10.6855, 0, 0, 43, 16, 
49, 6, 4, -0.6953, 11.1035, 0, 0, 44, 17, 
49, 6, 5, -9.3906, 5.1953, 0, 0, 35, 16, 
49, 6, 6, -10.4297, 3.8711, 0, 0, 42, 16, 
50, 6, 1, -0.0547, 0.4336, 0, 0, 6248, 38, 
50, 6, 2, -0.4746, 2.4863, 0, 0, 387, 26, 
50, 6, 3, 1.0059, 10.6855, 0, 0, 43, 16, 
50, 6, 4, -0.6953, 11.1035, 0, 0, 44, 17, 
50, 6, 5, -9.3906, 5.1953, 0, 0, 35, 16, 
50, 6, 6, -10.4297, 3.8711, 0, 0, 43, 16, 
51, 6, 1, -0.0547, 0.4336, 0, 0, 6195, 38, 
51, 6, 2, -0.4746, 2.4863, 0, 0, 383, 26, 
51, 6, 3, 1.0059, 10.6855, 0, 0, 43, 16, 
51, 6, 4, -0.6953, 11.1035, 0, 0, 45, 17, 
51, 6, 5, -9.7266, 4.5371, 0, 0, 35, 16, 
51, 6, 6, -10.7773, 2.7598, 0, 0, 44, 17, 
52, 6, 1, -0.0547, 0.4336, 0, 0, 6161, 38, 
52, 6, 2, -0.4746, 2.4863, 0, 0, 378, 26, 
52, 6, 3, 1.0059, 10.6855, 0, 0, 41, 16, 
52, 6, 4, -0.6953, 11.1035, 0, 0, 44, 17, 
52, 6, 5, -9.7266, 4.5371, 0, 0, 35, 16, 
52, 6, 6, -10.7773, 2.7598, 0, 0, 44, 17, 
53, 6, 1, -0.0547, 0.4336, 0, 0, 6208, 38, 
53, 6, 2, -0.4746, 2.4863, 0, 0, 377, 26, 
53, 6, 3, 1.0059, 10.6855, 0, 0, 39, 16, 
53, 6, 4, -0.6953, 11.1035, 0, 0, 45, 17, 
53, 6, 5, -9.7266, 4.5371, 0, 0, 36, 16, 
53, 6, 6, -10.7773, 2.7598, 0, 0, 42, 16, 
54, 6, 1, -0.0547, 0.4336, 0, 0, 6166, 38, 
54, 6, 2, -0.4746, 2.4863, 0, 0, 402, 26, 
54, 6, 3, 1.0059, 10.6855, 0, 0, 42, 16, 
54, 6, 4, -0.6953, 11.1035, 0, 0, 43, 16, 
54, 6, 5, -9.7266, 4.5371, 0, 0, 35, 16, 
54, 6, 6, -10.7773, 2.7598, 0, 0, 43, 16, 
55, 6, 1, -0.0547, 0.4336, 0, 0, 6109, 38, 
55, 6, 2, -0.4746, 2.4863, 0, 0, 395, 26, 
55, 6, 3, 1.0059, 10.6855, 0, 0, 43, 16, 
55, 6, 4, -0.6953, 11.1035, 0, 0, 44, 17, 
55, 6, 5, -9.7266, 4.5371, 0, 0, 35, 16, 
55, 6, 6, -10.7773, 2.7598, 0, 0, 42, 16, 
56, 6, 1, -0.0547, 0.4336, 0, 0, 6292, 38, 
56, 6, 2, -0.3945, 2.5, 0, 0, 430, 26, 
56, 6, 3, 1.3418, 10.6484, 0, 0, 44, 17, 
56, 6, 4, -0.6953, 11.1035, 0, 0, 43, 16, 
56, 6, 5, -9.3906, 5.1953, 0, 0, 36, 16, 
56, 6, 6, -10.7773, 2.7598, 0, 0, 43, 16, 
57, 6, 1, -0.0547, 0.4336, 0, 0, 6412, 38, 
57, 6, 2, -0.3945, 2.5, 0, 0, 450, 27, 
57, 6, 3, 1.0059, 10.6855, 0, 0, 46, 17, 
57, 6, 4, -10.7773, 2.7598, 0, 0, 43, 16, 
57, 6, 5, -9.3906, 5.1953, 0, 0, 37, 16, 
57, 6, 6, -0.6953, 11.1035, 0, 0, 42, 16, 
58, 6, 1, -0.0547, 0.4336, 0, 0, 6381, 38, 
58, 6, 2, -0.3945, 2.5, 0, 0, 425, 26, 
58, 6, 3, 1.0059, 10.6855, 0, 0, 47, 17, 
58, 6, 4, -0.6953, 11.1035, 0, 0, 45, 17, 
58, 6, 5, -9.3906, 5.1953, 0, 0, 37, 16, 
58, 6, 6, -10.7773, 2.7598, 0, 0, 42, 16, 
59, 6, 1, -0.0547, 0.4336, 0, 0, 6528, 38, 
59, 6, 2, -0.3945, 2.5, 0, 0, 461, 27, 
59, 6, 3, 1.0059, 10.6855, 0, 0, 42, 16, 
59, 6, 4, -10.7773, 2.7598, 0, 0, 44, 17, 
59, 6, 5, -9.3906, 5.1953, 0, 0, 37, 16, 
59, 6, 6, -0.6953, 11.1035, 0, 0, 44, 17, 
60, 6, 1, -0.0547, 0.4336, 0, 0, 6454, 38, 
60, 6, 2, -0.3945, 2.5, 0, 0, 453, 27, 
60, 6, 3, 1.3418, 10.6484, 0, 0, 40, 16, 
60, 6, 4, -10.4297, 3.8711, 0, 0, 44, 17, 
60, 6, 5, -9.3906, 5.1953, 0, 0, 37, 16, 
60, 6, 6, -0.6953, 11.1035, 0, 0, 44, 17, 
61, 6, 1, -0.0547, 0.4336, 0, 0, 6437, 38, 
61, 6, 2, -0.3945, 2.5, 0, 0, 456, 27, 
61, 6, 3, 1.3418, 10.6484, 0, 0, 39, 16, 
61, 6, 4, -10.7773, 2.7598, 0, 0, 46, 17, 
61, 6, 5, -9.3906, 5.1953, 0, 0, 35, 16, 
61, 6, 6, -0.6953, 11.1035, 0, 0, 45, 17, 
62, 6, 1, -0.0547, 0.4336, 0, 0, 6320, 38, 
62, 6, 2, -0.3945, 2.5, 0, 0, 439, 26, 
62, 6, 3, 1.3418, 10.6484, 0, 0, 39, 16, 
62, 6, 4, -10.7773, 2.7598, 0, 0, 44, 17, 
62, 6, 5, -9.3906, 5.1953, 0, 0, 34, 15, 
62, 6, 6, -0.6953, 11.1035, 0, 0, 43, 16, 
63, 6, 1, -0.0547, 0.4336, 0, 0, 6318, 38, 
63, 6, 2, -0.4746, 2.4863, 0, 0, 434, 26, 
63, 6, 3, 1.3418, 10.6484, 0, 0, 37, 16, 
63, 6, 4, -0.6953, 11.1035, 0, 0, 43, 16, 
63, 6, 5, -9.3906, 5.1953, 0, 0, 34, 15, 
63, 6, 6, -10.4297, 3.8711, 0, 0, 43, 16, 
64, 6, 1, -0.0547, 0.4336, 0, 0, 6472, 38, 
64, 6, 2, -0.3945, 2.5, 0, 0, 438, 26, 
64, 6, 3, 1.3418, 10.6484, 0, 0, 37, 16, 
64, 6, 4, -10.7773, 2.7598, 0, 0, 44, 17, 
64, 6, 5, -9.3906, 5.1953, 0, 0, 34, 15, 
64, 6, 6, -0.6953, 11.1035, 0, 0, 44, 17, 
65, 6, 1, -0.0547, 0.4336, 0, 0, 6492, 38, 
65, 6, 2, -0.3945, 2.5, 0, 0, 438, 26, 
65, 6, 3, -9.3906, 5.1953, 0, 0, 34, 15, 
65, 6, 4, -10.7773, 2.7598, 0, 0, 45, 17, 
65, 6, 5, 1.3418, 10.6484, 0, 0, 34, 15, 
65, 6, 6, -0.6953, 11.1035, 0, 0, 42, 16, 
66, 6, 1, -0.0547, 0.4336, 0, 0, 6527, 38, 
66, 6, 2, -0.3945, 2.5, 0, 0, 443, 26, 
66, 6, 3, -9.3906, 5.1953, 0, 0, 35, 16, 
66, 6, 4, -0.6953, 11.1035, 0, 0, 44, 17, 
66, 6, 5, 1.3418, 10.6484, 0, 0, 33, 15, 
66, 6, 6, -10.7773, 2.7598, 0, 0, 42, 16, 
67, 6, 1, -0.0547, 0.4336, 0, 0, 6523, 38, 
67, 6, 2, -0.3945, 2.5, 0, 0, 456, 27, 
67, 6, 3, 1.3418, 10.6484, 0, 0, 34, 15, 
67, 6, 4, -10.7773, 2.7598, 0, 0, 42, 16, 
67, 6, 5, -9.3906, 5.1953, 0, 0, 34, 15, 
67, 6, 6, -0.6953, 11.1035, 0, 0, 42, 16, 
68, 6, 1, -0.0547, 0.4336, 0, 0, 6550, 38, 
68, 6, 2, -0.3945, 2.5, 0, 0, 464, 27, 
68, 6, 3, -9.3906, 5.1953, 0, 0, 34, 15, 
68, 6, 4, -0.6953, 11.1035, 0, 0, 42, 16, 
68, 6, 5, 1.3418, 10.6484, 0, 0, 33, 15, 
68, 6, 6, -10.4297, 3.8711, 0, 0, 42, 16, 
69, 6, 1, -0.0547, 0.4336, 0, 0, 6737, 38, 
69, 6, 2, -0.3164, 2.5098, 0, 0, 509, 27, 
69, 6, 3, -9.3906, 5.1953, 0, 0, 38, 16, 
69, 6, 4, -0.6953, 11.1035, 0, 0, 45, 17, 
69, 6, 5, 1.0059, 10.6855, 0, 0, 37, 16, 
69, 6, 6, -10.7773, 2.7598, 0, 0, 44, 17, 
70, 6, 1, -0.0547, 0.4336, 0, 0, 6507, 38, 
70, 6, 2, -0.3945, 2.5, 0, 0, 561, 27, 
70, 6, 3, 1.3418, 10.6484, 0, 0, 37, 16, 
70, 6, 4, -0.6953, 11.1035, 0, 0, 44, 17, 
70, 6, 5, -9.7266, 4.5371, 0, 0, 35, 16, 
70, 6, 6, -10.4297, 3.8711, 0, 0, 41, 16, 
71, 6, 1, -0.0547, 0.4336, 0, 0, 6691, 38, 
71, 6, 2, -0.3945, 2.5, 0, 0, 526, 27, 
71, 6, 3, -9.3906, 5.1953, 0, 0, 36, 16, 
71, 6, 4, -0.6953, 11.1035, 0, 0, 44, 17, 
71, 6, 5, 1.3418, 10.6484, 0, 0, 34, 15, 
71, 6, 6, -10.4297, 3.8711, 0, 0, 41, 16, 
72, 6, 1, -0.0547, 0.4336, 0, 0, 6690, 38, 
72, 6, 2, -0.3945, 2.5, 0, 0, 538, 27, 
72, 6, 3, -9.3906, 5.1953, 0, 0, 36, 16, 
72, 6, 4, -0.6953, 11.1035, 0, 0, 44, 17, 
72, 6, 5, 1.3418, 10.6484, 0, 0, 34, 15, 
72, 6, 6, -10.7773, 2.7598, 0, 0, 40, 16, 
73, 6, 1, -0.0547, 0.4336, 0, 0, 6675, 38, 
73, 6, 2, -0.3945, 2.5, 0, 0, 524, 27, 
73, 6, 3, -9.3906, 5.1953, 0, 0, 35, 16, 
73, 6, 4, -0.6953, 11.1035, 0, 0, 45, 17, 
73, 6, 5, 1.3418, 10.6484, 0, 0, 34, 15, 
73, 6, 6, -10.4297, 3.8711, 0, 0, 42, 16, 
74, 6, 1, -0.0547, 0.4336, 0, 0, 6703, 38, 
74, 6, 2, -0.3945, 2.5, 0, 0, 540, 27, 
74, 6, 3, -9.3906, 5.1953, 0, 0, 35, 16, 
74, 6, 4, -0.6953, 11.1035, 0, 0, 45, 17, 
74, 6, 5, 1.3418, 10.6484, 0, 0, 32, 15, 
74, 6, 6, -10.7773, 2.7598, 0, 0, 41, 16, 
75, 6, 1, -0.0547, 0.4336, 0, 0, 6706, 38, 
75, 6, 2, -0.3945, 2.5, 0, 0, 567, 28, 
75, 6, 3, -9.3906, 5.1953, 0, 0, 36, 16, 
75, 6, 4, -0.6953, 11.1035, 0, 0, 43, 16, 
75, 6, 5, 1.3418, 10.6484, 0, 0, 30, 15, 
75, 6, 6, -10.7773, 2.7598, 0, 0, 43, 16, 
76, 6, 1, -0.0547, 0.4336, 0, 0, 6721, 38, 
76, 6, 2, -0.3945, 2.5, 0, 0, 559, 27, 
76, 6, 3, -9.3906, 5.1953, 0, 0, 35, 16, 
76, 6, 4, -0.6953, 11.1035, 0, 0, 44, 17, 
76, 6, 5, 1.3418, 10.6484, 0, 0, 30, 15, 
76, 6, 6, -10.4297, 3.8711, 0, 0, 43, 16, 
77, 6, 1, -0.0547, 0.4336, 0, 0, 6710, 38, 
77, 6, 2, -0.3945, 2.5, 0, 0, 570, 28, 
77, 6, 3, -9.3906, 5.1953, 0, 0, 36, 16, 
77, 6, 4, -0.6953, 11.1035, 0, 0, 44, 17, 
77, 6, 5, 1.3418, 10.6484, 0, 0, 31, 15, 
77, 6, 6, -10.7773, 2.7598, 0, 0, 42, 16, 
78, 6, 1, -0.0547, 0.4336, 0, 0, 6775, 38, 
78, 6, 2, -0.3945, 2.5, 0, 0, 550, 27, 
78, 6, 3, -9.3906, 5.1953, 0, 0, 36, 16, 
78, 6, 4, -0.6953, 11.1035, 0, 0, 45, 17, 
78, 6, 5, 1.3418, 10.6484, 0, 0, 31, 15, 
78, 6, 6, -10.7773, 2.7598, 0, 0, 44, 17, 
79, 6, 1, -0.0547, 0.4336, 0, 0, 6732, 38, 
79, 6, 2, -0.3945, 2.5, 0, 0, 576, 28, 
79, 6, 3, -9.3906, 5.1953, 0, 0, 37, 16, 
79, 6, 4, -0.6953, 11.1035, 0, 0, 44, 17, 
79, 6, 5, 1.3418, 10.6484, 0, 0, 31, 15, 
79, 6, 6, -10.7773, 2.7598, 0, 0, 43, 16, 
80, 6, 1, -0.0547, 0.4336, 0, 0, 6637, 38, 
80, 6, 2, -0.3945, 2.5, 0, 0, 557, 27, 
80, 6, 3, -9.3906, 5.1953, 0, 0, 35, 16, 
80, 6, 4, -10.7773, 2.7598, 0, 0, 44, 17, 
80, 6, 5, 1.0059, 10.6855, 0, 0, 32, 15, 
80, 6, 6, -0.6953, 11.1035, 0, 0, 43, 16, 
81, 6, 1, -0.0547, 0.4336, 0, 0, 6595, 38, 
81, 6, 2, -0.3945, 2.5, 0, 0, 482, 27, 
81, 6, 3, -9.3906, 5.1953, 0, 0, 35, 16, 
81, 6, 4, -0.6953, 11.1035, 0, 0, 44, 17, 
81, 6, 5, 1.3418, 10.6484, 0, 0, 29, 15, 
81, 6, 6, -10.7773, 2.7598, 0, 0, 43, 16, 
82, 7, 1, -0.0547, 0.4336, 0, 0, 7058, 38, 
82, 7, 2, -0.3945, 2.5, 0, 0, 532, 27, 
82, 7, 3, -0.3281, 2.5977, 0, 0, 374, 26, 
82, 7, 4, -9.3906, 5.1953, 0, 0, 37, 16, 
82, 7, 5, -0.6953, 11.1035, 0, 0, 42, 16, 
82, 7, 6, -4.6953, 9.6504, 0, 0, 31, 15, 
82, 7, 7, -10.4297, 3.8711, 0, 0, 40, 16, 
83, 6, 1, -0.0547, 0.4336, 0, 0, 7130, 39, 
83, 6, 2, -0.3945, 2.5, 0, 0, 544, 27, 
83, 6, 3, -9.3906, 5.1953, 0, 0, 37, 16, 
83, 6, 4, -0.6953, 11.1035, 0, 0, 43, 16, 
83, 6, 5, -4.6953, 9.6504, 0, 0, 31, 15, 
83, 6, 6, -10.7773, 2.7598, 0, 0, 42, 16, 
84, 6, 1, -0.0547, 0.4336, 0, 0, 6927, 38, 
84, 6, 2, -0.3945, 2.5, 0, 0, 511, 27, 
84, 6, 3, -9.3906, 5.1953, 0, 0, 35, 16, 
84, 6, 4, -10.7773, 2.7598, 0, 0, 43, 16, 
84, 6, 5, -5.0312, 9.4805, 0, 0, 29, 15, 
84, 6, 6, -0.6953, 11.1035, 0, 0, 42, 16, 
85, 6, 1, -0.0547, 0.4336, 0, 0, 6657, 38, 
85, 6, 2, -0.4746, 2.4863, 0, 0, 487, 27, 
85, 6, 3, -9.3906, 5.1953, 0, 0, 33, 15, 
85, 6, 4, -0.6953, 11.1035, 0, 0, 42, 16, 
85, 6, 5, -4.6953, 9.6504, 0, 0, 28, 15, 
85, 6, 6, -10.7773, 2.7598, 0, 0, 41, 16, 
86, 6, 1, -0.0547, 0.4336, 0, 0, 6580, 38, 
86, 6, 2, -0.4746, 2.4863, 0, 0, 471, 27, 
86, 6, 3, -9.3906, 5.1953, 0, 0, 33, 15, 
86, 6, 4, -10.7773, 2.7598, 0, 0, 43, 16, 
86, 6, 5, -4.6953, 9.6504, 0, 0, 28, 15, 
86, 6, 6, -0.6953, 11.1035, 0, 0, 42, 16, 
87, 7, 1, -0.0547, 0.4336, 0, 0, 6653, 38, 
87, 7, 2, -0.4746, 2.4863, 0, 0, 451, 27, 
87, 7, 3, -0.4902, 2.5723, 0, 0, 387, 26, 
87, 7, 4, -9.3906, 5.1953, 0, 0, 34, 15, 
87, 7, 5, -0.6953, 11.1035, 0, 0, 44, 17, 
87, 7, 6, -4.6953, 9.6504, 0, 0, 28, 15, 
87, 7, 7, -10.4297, 3.8711, 0, 0, 42, 16, 
88, 7, 1, -0.0547, 0.4336, 0, 0, 6636, 38, 
88, 7, 2, -0.4746, 2.4863, 0, 0, 436, 26, 
88, 7, 3, -0.4902, 2.5723, 0, 0, 370, 26, 
88, 7, 4, -9.3906, 5.1953, 0, 0, 34, 15, 
88, 7, 5, -0.6953, 11.1035, 0, 0, 44, 17, 
88, 7, 6, -4.6953, 9.6504, 0, 0, 28, 15, 
88, 7, 7, -10.7773, 2.7598, 0, 0, 42, 16, 
89, 6, 1, -0.0547, 0.4336, 0, 0, 6539, 38, 
89, 6, 2, -0.4746, 2.4863, 0, 0, 450, 27, 
89, 6, 3, -9.3906, 5.1953, 0, 0, 34, 15, 
89, 6, 4, -0.6953, 11.1035, 0, 0, 43, 16, 
89, 6, 5, -4.6953, 9.6504, 0, 0, 26, 14, 
89, 6, 6, -10.7773, 2.7598, 0, 0, 43, 16, 
90, 6, 1, -0.0547, 0.4336, 0, 0, 6448, 38, 
90, 6, 2, -0.4746, 2.4863, 0, 0, 469, 27, 
90, 6, 3, -9.3906, 5.1953, 0, 0, 33, 15, 
90, 6, 4, -10.7773, 2.7598, 0, 0, 44, 17, 
90, 6, 5, -4.6953, 9.6504, 0, 0, 27, 14, 
90, 6, 6, -0.6953, 11.1035, 0, 0, 43, 16, 
91, 6, 1, -0.0684, 0.4316, 0, 0, 6407, 38, 
91, 6, 2, -0.4746, 2.4863, 0, 0, 470, 27, 
91, 6, 3, -9.3906, 5.1953, 0, 0, 33, 15, 
91, 6, 4, -0.6953, 11.1035, 0, 0, 45, 17, 
91, 6, 5, -4.6953, 9.6504, 0, 0, 27, 14, 
91, 6, 6, -10.7773, 2.7598, 0, 0, 44, 17, 
92, 6, 1, -0.0684, 0.4316, 0, 0, 6321, 38, 
92, 6, 2, -0.4746, 2.4863, 0, 0, 471, 27, 
92, 6, 3, -9.3906, 5.1953, 0, 0, 33, 15, 
92, 6, 4, -10.7773, 2.7598, 0, 0, 45, 17, 
92, 6, 5, -4.6953, 9.6504, 0, 0, 26, 14, 
92, 6, 6, -0.6953, 11.1035, 0, 0, 44, 17, 
93, 6, 1, -0.0547, 0.4336, 0, 0, 6327, 38, 
93, 6, 2, -0.4746, 2.4863, 0, 0, 479, 27, 
93, 6, 3, -9.3906, 5.1953, 0, 0, 33, 15, 
93, 6, 4, -0.6953, 11.1035, 0, 0, 45, 17, 
93, 6, 5, -4.6953, 9.6504, 0, 0, 27, 14, 
93, 6, 6, -10.7773, 2.7598, 0, 0, 44, 17, 
94, 6, 1, -0.0547, 0.4336, 0, 0, 6302, 38, 
94, 6, 2, -0.4746, 2.4863, 0, 0, 477, 27, 
94, 6, 3, -9.3906, 5.1953, 0, 0, 32, 15, 
94, 6, 4, -10.7773, 2.7598, 0, 0, 43, 16, 
94, 6, 5, -4.6953, 9.6504, 0, 0, 26, 14, 
94, 6, 6, -0.6953, 11.1035, 0, 0, 43, 16, 
95, 6, 1, -0.0547, 0.4336, 0, 0, 6293, 38, 
95, 6, 2, -0.4746, 2.4863, 0, 0, 471, 27, 
95, 6, 3, -9.3906, 5.1953, 0, 0, 33, 15, 
95, 6, 4, -0.6953, 11.1035, 0, 0, 45, 17, 
95, 6, 5, -4.6953, 9.6504, 0, 0, 27, 14, 
95, 6, 6, -10.7773, 2.7598, 0, 0, 44, 17, 
96, 6, 1, -0.0684, 0.4316, 0, 0, 6268, 38, 
96, 6, 2, -0.4746, 2.4863, 0, 0, 484, 27, 
96, 6, 3, -9.3906, 5.1953, 0, 0, 32, 15, 
96, 6, 4, -0.6953, 11.1035, 0, 0, 44, 17, 
96, 6, 5, -4.6953, 9.6504, 0, 0, 26, 14, 
96, 6, 6, -10.7773, 2.7598, 0, 0, 43, 16, 
97, 6, 1, -0.0684, 0.4316, 0, 0, 6202, 38, 
97, 6, 2, -0.4746, 2.4863, 0, 0, 468, 27, 
97, 6, 3, -9.3906, 5.1953, 0, 0, 32, 15, 
97, 6, 4, -0.6953, 11.1035, 0, 0, 44, 17, 
97, 6, 5, -4.6953, 9.6504, 0, 0, 26, 14, 
97, 6, 6, -10.7773, 2.7598, 0, 0, 42, 16, 
98, 6, 1, -0.0547, 0.4336, 0, 0, 6378, 38, 
98, 6, 2, -0.4746, 2.4863, 0, 0, 405, 26, 
98, 6, 3, -9.3906, 5.1953, 0, 0, 34, 15, 
98, 6, 4, -10.7773, 2.7598, 0, 0, 43, 16, 
98, 6, 5, -4.6953, 9.6504, 0, 0, 27, 14, 
98, 6, 6, -0.6953, 11.1035, 0, 0, 42, 16, 
99, 5, 1, -0.0547, 0.4336, 0, 0, 6568, 38, 
99, 5, 2, -9.3906, 5.1953, 0, 0, 34, 15, 
99, 5, 3, -10.7773, 2.7598, 0, 0, 44, 17, 
99, 5, 4, -4.6953, 9.6504, 0, 0, 28, 15, 
99, 5, 5, -0.6953, 11.1035, 0, 0, 43, 16, 
100, 5, 1, -0.0547, 0.4336, 0, 0, 6460, 38, 
100, 5, 2, -9.3906, 5.1953, 0, 0, 33, 15, 
100, 5, 3, -0.6953, 11.1035, 0, 0, 43, 16, 
100, 5, 4, -4.6953, 9.6504, 0, 0, 28, 15, 
100, 5, 5, -10.7773, 2.7598, 0, 0, 42, 16, 
101, 6, 1, -0.0684, 0.4316, 0, 0, 6492, 38, 
101, 6, 2, -0.3945, 2.5, 0, 0, 317, 25, 
101, 6, 3, -9.3906, 5.1953, 0, 0, 34, 15, 
101, 6, 4, -10.7773, 2.7598, 0, 0, 44, 17, 
101, 6, 5, -4.6953, 9.6504, 0, 0, 26, 14, 
101, 6, 6, -0.6953, 11.1035, 0, 0, 43, 16, 
102, 5, 1, -0.0684, 0.4316, 0, 0, 6515, 38, 
102, 5, 2, -9.3906, 5.1953, 0, 0, 34, 15, 
102, 5, 3, -0.6953, 11.1035, 0, 0, 45, 17, 
102, 5, 4, -4.6953, 9.6504, 0, 0, 26, 14, 
102, 5, 5, -10.7773, 2.7598, 0, 0, 43, 16, 
103, 5, 1, -0.0684, 0.4316, 0, 0, 6534, 38, 
103, 5, 2, -9.3906, 5.1953, 0, 0, 34, 15, 
103, 5, 3, -0.6953, 11.1035, 0, 0, 44, 17, 
103, 5, 4, -4.6953, 9.6504, 0, 0, 26, 14, 
103, 5, 5, -10.7773, 2.7598, 0, 0, 43, 16, 
104, 5, 1, -0.0684, 0.4316, 0, 0, 6547, 38, 
104, 5, 2, -9.3906, 5.1953, 0, 0, 34, 15, 
104, 5, 3, -10.7773, 2.7598, 0, 0, 43, 16, 
104, 5, 4, -4.6953, 9.6504, 0, 0, 26, 14, 
104, 5, 5, -0.6953, 11.1035, 0, 0, 42, 16, 
105, 5, 1, -0.0684, 0.4316, 0, 0, 6536, 38, 
105, 5, 2, -9.3906, 5.1953, 0, 0, 34, 15, 
105, 5, 3, -0.6953, 11.1035, 0, 0, 45, 17, 
105, 5, 4, -4.6953, 9.6504, 0, 0, 25, 14, 
105, 5, 5, -10.7773, 2.7598, 0, 0, 44, 17, 
106, 5, 1, -0.0684, 0.4316, 0, 0, 6524, 38, 
106, 5, 2, -9.3906, 5.1953, 0, 0, 33, 15, 
106, 5, 3, -0.6953, 11.1035, 0, 0, 46, 17, 
106, 5, 4, -4.6953, 9.6504, 0, 0, 26, 14, 
106, 5, 5, -10.7773, 2.7598, 0, 0, 45, 17, 
107, 6, 1, -0.0684, 0.4316, 0, 0, 6530, 38, 
107, 6, 2, -0.3945, 2.5, 0, 0, 310, 25, 
107, 6, 3, -9.3906, 5.1953, 0, 0, 34, 15, 
107, 6, 4, -0.6953, 11.1035, 0, 0, 45, 17, 
107, 6, 5, -4.6953, 9.6504, 0, 0, 27, 14, 
107, 6, 6, -10.7773, 2.7598, 0, 0, 43, 16, 
108, 5, 1, -0.0547, 0.4336, 0, 0, 6542, 38, 
108, 5, 2, -9.3906, 5.1953, 0, 0, 34, 15, 
108, 5, 3, -10.7773, 2.7598, 0, 0, 44, 17, 
108, 5, 4, -4.6953, 9.6504, 0, 0, 27, 14, 
108, 5, 5, -0.6953, 11.1035, 0, 0, 43, 16, 
109, 5, 1, -0.0684, 0.4316, 0, 0, 6400, 38, 
109, 5, 2, -9.3906, 5.1953, 0, 0, 33, 15, 
109, 5, 3, -0.6953, 11.1035, 0, 0, 44, 17, 
109, 5, 4, 1.3418, 10.6484, 0, 0, 26, 14, 
109, 5, 5, -10.4297, 3.8711, 0, 0, 43, 16, 
110, 6, 1, -0.0684, 0.4316, 0, 0, 6276, 38, 
110, 6, 2, -0.3945, 2.5, 0, 0, 296, 25, 
110, 6, 3, -9.0566, 5.7598, 0, 0, 32, 15, 
110, 6, 4, -0.6953, 11.1035, 0, 0, 44, 17, 
110, 6, 5, -4.6953, 9.6504, 0, 0, 25, 14, 
110, 6, 6, -10.7773, 2.7598, 0, 0, 42, 16, 
111, 6, 1, -0.0684, 0.4316, 0, 0, 6230, 38, 
111, 6, 2, -0.3945, 2.5, 0, 0, 298, 25, 
111, 6, 3, -9.0566, 5.7598, 0, 0, 31, 15, 
111, 6, 4, -0.6953, 11.1035, 0, 0, 45, 17, 
111, 6, 5, 1.6777, 10.6016, 0, 0, 26, 14, 
111, 6, 6, -10.7773, 2.7598, 0, 0, 44, 17, 
112, 5, 1, -0.0684, 0.4316, 0, 0, 6220, 38, 
112, 5, 2, -9.0566, 5.7598, 0, 0, 30, 15, 
112, 5, 3, -10.7773, 2.7598, 0, 0, 44, 17, 
112, 5, 4, 1.6777, 10.6016, 0, 0, 26, 14, 
112, 5, 5, -0.6953, 11.1035, 0, 0, 42, 16, 
113, 5, 1, -0.0684, 0.4316, 0, 0, 6264, 38, 
113, 5, 2, -9.0566, 5.7598, 0, 0, 32, 15, 
113, 5, 3, -0.6953, 11.1035, 0, 0, 43, 16, 
113, 5, 4, 1.6777, 10.6016, 0, 0, 26, 14, 
113, 5, 5, -10.7773, 2.7598, 0, 0, 43, 16, 
114, 6, 1, -0.0684, 0.4316, 0, 0, 6370, 38, 
114, 6, 2, -0.3945, 2.5, 0, 0, 317, 25, 
114, 6, 3, -9.0566, 5.7598, 0, 0, 32, 15, 
114, 6, 4, -10.7773, 2.7598, 0, 0, 44, 17, 
114, 6, 5, 1.6777, 10.6016, 0, 0, 26, 14, 
114, 6, 6, -0.6953, 11.1035, 0, 0, 43, 16, 
115, 7, 1, -0.0684, 0.4316, 0, 0, 6273, 38, 
115, 7, 2, -0.3945, 2.5, 0, 0, 290, 25, 
115, 7, 3, -9.0566, 5.7598, 0, 0, 31, 15, 
115, 7, 4, -0.6953, 11.1035, 0, 0, 44, 17, 
115, 7, 5, -1.3437, 2.1445, 0, 0, 206, 23, 
115, 7, 6, 1.6777, 10.6016, 0, 0, 24, 14, 
115, 7, 7, -10.7773, 2.7598, 0, 0, 42, 16, 
116, 6, 1, -0.0684, 0.4316, 0, 0, 6326, 38, 
116, 6, 2, -0.3945, 2.5, 0, 0, 312, 25, 
116, 6, 3, -9.0566, 5.7598, 0, 0, 32, 15, 
116, 6, 4, -0.6953, 11.1035, 0, 0, 44, 17, 
116, 6, 5, 1.6777, 10.6016, 0, 0, 26, 14, 
116, 6, 6, -10.7773, 2.7598, 0, 0, 43, 16, 
117, 6, 1, -0.0684, 0.4316, 0, 0, 6340, 38, 
117, 6, 2, -0.3164, 2.5098, 0, 0, 313, 25, 
117, 6, 3, -9.0566, 5.7598, 0, 0, 31, 15, 
117, 6, 4, -10.7773, 2.7598, 0, 0, 44, 17, 
117, 6, 5, 1.6777, 10.6016, 0, 0, 26, 14, 
117, 6, 6, -0.6953, 11.1035, 0, 0, 42, 16, 
118, 6, 1, -0.0684, 0.4316, 0, 0, 6346, 38, 
118, 6, 2, -0.3945, 2.5, 0, 0, 308, 25, 
118, 6, 3, -9.0566, 5.7598, 0, 0, 31, 15, 
118, 6, 4, -0.6953, 11.1035, 0, 0, 43, 16, 
118, 6, 5, 1.6777, 10.6016, 0, 0, 25, 14, 
118, 6, 6, -10.7773, 2.7598, 0, 0, 42, 16, 
119, 6, 1, -0.0684, 0.4316, 0, 0, 6372, 38, 
119, 6, 2, -0.3945, 2.5, 0, 0, 316, 25, 
119, 6, 3, -9.0566, 5.7598, 0, 0, 32, 15, 
119, 6, 4, -0.6953, 11.1035, 0, 0, 43, 16, 
119, 6, 5, 1.6777, 10.6016, 0, 0, 25, 14, 
119, 6, 6, -10.7773, 2.7598, 0, 0, 43, 16, 
120, 6, 1, -0.0684, 0.4316, 0, 0, 6392, 38, 
120, 6, 2, -0.3945, 2.5, 0, 0, 313, 25, 
120, 6, 3, -9.0566, 5.7598, 0, 0, 31, 15, 
120, 6, 4, -0.6953, 11.1035, 0, 0, 44, 17, 
120, 6, 5, 1.6777, 10.6016, 0, 0, 25, 14, 
120, 6, 6, -10.7773, 2.7598, 0, 0, 44, 17, 
121, 6, 1, -0.0684, 0.4316, 0, 0, 6396, 38, 
121, 6, 2, -0.3945, 2.5, 0, 0, 310, 25, 
121, 6, 3, -9.0566, 5.7598, 0, 0, 32, 15, 
121, 6, 4, -10.7773, 2.7598, 0, 0, 43, 16, 
121, 6, 5, -4.3594, 9.8066, 0, 0, 25, 14, 
121, 6, 6, -0.6953, 11.1035, 0, 0, 41, 16, 
